chain,name,ticker,token_contract_or_mint,observed_pair_url,pair_created_utc_not_token_deployment,scope,connection_to_Oct7_remark
solana,hot potato,potato,CDRS9jzt7qjJkZmhyWiDrtJbJkMacSUXt1VGmNK69dRc,https://dexscreener.com/solana/2uyvcbtgmswj2nx2b54ubcypsca8qteest7nmbseepxw,2026-10-08T02:10:14+00:00,hot-potato name family,unverified
solana,Hot Potato,HOT,A6Lqzj2rCSexRUcryNNWzSoxbGLP1ZiXJJwWe5SJZM9R,https://dexscreener.com/solana/bomz2no9tjzznqectpfghbx7rsbdfvmcug7aivwphu2v,2026-10-05T20:01:06+00:00,hot-potato name family,unverified
solana,hot potato,potato,E8Q4rFdX98byYoTKkwiJdx2MmBN6JbkKXiKsmHkTPNi5,https://dexscreener.com/solana/dfeekycibpmhzs9kan9vsuvqb4p4suyvarrfpkcamjv7,2026-10-08T16:37:19+00:00,hot-potato name family,unverified
base,Hot Potato,POTATO,0x597be99c22760ecaaDA13fC1433B7b05E76B7777,https://dexscreener.com/base/0xc6283aec45f10b3cfb305d16105124d4089fbba3,2026-10-08T02:13:11+00:00,hot-potato name family,unverified
solana,hot potato,potato,HgW4xcRUwFtVDycaEkmYZUr17GrxY1wMLy6PHzNxD9ur,https://dexscreener.com/solana/96me3a8v7egbkymaycqhohqxfycdsljvttemercmwzaw,2026-10-08T02:20:33+00:00,hot-potato name family,unverified
solana,Hot Potato Pad,POTATO,E1gGySS9yTTNuEibkEbPv54oBHY1nY7qcQ3PJqT7pump,https://dexscreener.com/solana/392wn5rbj53de8j1yynl2ngkegj3nwbskaq8x5dp4xae,2026-09-28T22:26:36+00:00,hot-potato name family,unverified
base,Hotpotato,HOTPOTATO,0x3Ab0CB34b5333a9c5e1eA37AD92895DD962a6C15,https://dexscreener.com/base/0x604d7fee438439c2f9989dce8a51f210822f434ac725dc232bf311de77ef0571,2026-10-07T16:27:51+00:00,hot-potato name family,unverified
solana,SPUD The Idaho Potato,SPUD,66eAjoi4Wc7G38QbmE2eoqmQxiKGkSuaAAduN66Xpump,https://dexscreener.com/solana/dbwk94gvun2hj6nhhjmhwsfusyicauexw2f9fhclxtcd,2025-12-05T22:44:03+00:00,broader potato or SPUD name,unverified
arc,Potato,POTATO,0x333a07961b50924056B15477b409a9Ae774e1Ed7,https://dexscreener.com/arc/0x548ed84156cd274cd84ce65ac63d214a685ac810ff78204a1ae2a139221c8974,2026-09-08T06:22:58+00:00,broader potato or SPUD name,unverified
bsc,POTATO,POTATO,0xff130b022Ad6fC7A6E7150e62a417aA498d1e767,https://dexscreener.com/bsc/0xbad174d2ab580f5dcab3c333c490cff362d47e72,2026-06-23T02:21:47+00:00,broader potato or SPUD name,unverified
solana,potato,pot,2V6Gkb7UA9Ku1KvY6niMpHzZCQy45Km79zdy9gm9pump,https://dexscreener.com/solana/ahc6efekpira389r7jxawpdf3urvvgtk5bcqwfw7y18t,2025-04-25T03:21:22+00:00,broader potato or SPUD name,unverified
solana,POTATO,POTATO,GEYrotdkRitGUK5UMv3aMttEhVAZLhRJMcG82zKYsaWB,https://dexscreener.com/solana/8fkqrhtdq3am6buhepubz6j3jo1vc4dzt4xnux3ump5e,2024-08-31T09:18:07+00:00,broader potato or SPUD name,unverified
hedera,Potato,POTATO,0x00000000000000000000000000000000008bfFc7,https://dexscreener.com/hedera/0x0147c680a17e278ab08046a04ecf531f8030fa66,2025-05-30T00:05:42+00:00,broader potato or SPUD name,unverified
arc,rdbotato,POTATO,0xfc6CD516C75D16a04113CD1A260c82bdcc056D62,https://dexscreener.com/arc/0xb3f5da97b6438733bd60c6b8bfd628d92d8bc926890835958849149c4317413e,2026-09-16T13:24:47+00:00,broader potato or SPUD name,unverified
solana,감자,Potato,3oBRGPMpvR1TpHRx9oMEeJwSgwv7Fo7ndshuu2rQpump,https://dexscreener.com/solana/fd35pvzqwuhjd1epdvh9u85vpgzrxun9lmjx7sptevmg,2026-06-28T21:34:14+00:00,broader potato or SPUD name,unverified
solana,Potato,Potato,2UmGWqyd7zJA6eq6pweySY1jVar4JVbAm8LPYhHUpump,https://dexscreener.com/solana/anuykw2z1tobeptcsm2qjc6ydgfndqnxq9scnfrxshsd,2026-02-02T11:20:27+00:00,broader potato or SPUD name,unverified
solana,Billion Dollar Potato,Potato,4YurFfsBq3jbdpwPn3qGN7xrCSp9wxUzmLx1DEW5pump,https://dexscreener.com/solana/7hwsmouxve5e5c2vnzmj75tsyablope2gdcfn5ctitsr,2025-01-11T11:26:11+00:00,broader potato or SPUD name,unverified
solana,Potato,POTATO,6qSodf26ZAP7skxuHb9jcZHkL7WYaBzD6qkdhL7ypump,https://dexscreener.com/solana/4yvuvhwv8x1a5d9q28f8j2bikuseqmpbonl3kbeed6fs,2024-11-03T21:34:54+00:00,broader potato or SPUD name,unverified
solana,Potato,Potato,FJVjdjfe7AcVov1hbZF1qNRp8Lf1wvWyhEGs1vi4pump,https://dexscreener.com/solana/hvdgqvv9khaxmthj63nk6qft4ujexzkmb5bireowniyv,2026-02-24T23:37:08+00:00,broader potato or SPUD name,unverified
solana,just a fucking potato,potato,25cwvFXmkDacW6tkqj3uw9x7MaKL9QkporHxRphipump,https://dexscreener.com/solana/3x77qhmbyvpst9jqc8pzdqjxkwfhwaaabds1npt1y1uo,2026-09-02T00:02:48+00:00,broader potato or SPUD name,unverified
solana,POTATO,TATO,H3z919g6zYWXG3iyysWztUQWnWy6J4BxE53MgRVuBymv,https://dexscreener.com/solana/2hogv8gsztmtpstsf2d11e27etupbycxqfw5mvvs1nzy,2024-08-11T09:59:36+00:00,broader potato or SPUD name,unverified
solana,potato,potato,FcHuKv3txaqnDheDzwW3YpP2JNAFUTXLPbAGR84F36zE,https://dexscreener.com/solana/a46suqoxztknjr9zsxqwegf53ulicsmdd5t1qornjdb3,2024-07-12T13:44:58+00:00,broader potato or SPUD name,unverified
arc,potato,POTATO,0xA2feCee2809BBAA31413ae2Ad4AD0650DA1167FC,https://dexscreener.com/arc/0x1ac065dd5368c746e87f16c6755ee49327199c27c1fd1c3efa7d699a751b3e00,2026-09-26T14:56:19+00:00,broader potato or SPUD name,unverified
solana,SI MADURO,POTATO,GSKVpdmvWapabkWoMwRornL9dPeQivLxs5P9aLi2pump,https://dexscreener.com/solana/a1ioxhscrf9qrtlxz364qxxhvidwoyakvqtcbgqpxyfp,2026-10-08T13:30:49+00:00,broader potato or SPUD name,unverified
ton,Potato,TATER,EQAmVbnOPXMinHPATJidr7HqleQRfeDPJ3Stbgd70YwNq0N9,https://dexscreener.com/ton/eqahsbixhssjs8chjp13sztzlsrdef3vh6-jcvuir6drjh9u,2026-08-10T02:55:20+00:00,broader potato or SPUD name,unverified
solana,Pot Potato,Potato,GicwGn7XvWRKt1297uUKbZtY4hpma1sAWqjPBmMsEgYE,https://dexscreener.com/solana/5hezifkqu3vx3kffmhspfwgjw43db8blfgrjxorsyprq,2026-10-01T19:25:04+00:00,broader potato or SPUD name,unverified
solana,The Potato Pill,POTATO,CeCJhi9Nv54DMhz5YV5SB98Y16fxrUmCjKERjpxnpump,https://dexscreener.com/solana/2qwvmql3oa7fcbhjwdydciqgmygaw7gvy2e4dwxvyrua,2026-09-23T04:25:52+00:00,broader potato or SPUD name,unverified
solana,Potato Kingdom,Potato,JBwrmZNxBiN8ZoWd4vSf3RwiFZ3QsCLoSkbDFyDhpump,https://dexscreener.com/solana/98zmtjsu4rgnd9mogvujbkjdfwdpqwm7wwvwdaxkrsxq,2025-03-18T14:41:10+00:00,broader potato or SPUD name,unverified
solana,Potato,Chat,JCbjV9NdZuYUNSPURDhhwi1FM4o69yfdtymXFqcNpump,https://dexscreener.com/solana/fhcqayev5d6ko3yryyd99vcdgeyvzo1ty8x7rl499yap,2026-10-08T00:04:03+00:00,broader potato or SPUD name,unverified
bsc,Potato,POTATO,0xf664f07cB134Ac5AF492fD1E80E4C4794db6237C,https://dexscreener.com/bsc/0x8e23333ce88524dbae69c89e4b83823b257afdd5,2026-10-07T22:58:32+00:00,broader potato or SPUD name,unverified
base,Potato,PATO,0x54544DA0559d814cD9303eBEC0a56CEeFBEE5FC9,https://dexscreener.com/base/0xda18d77747f35a221bc73d57bb8b26081119a9e738f7c505bc39026bdd7600bb,2026-10-08T16:11:19+00:00,broader potato or SPUD name,unverified
solana,The Solana Potato,Potato,HQPknsTDqiqWyUHkFGiPnfKgAzgeNS3HdXBfvhEcpump,https://dexscreener.com/solana/axwdaccae4uobzdpwbxebwjq9zvkngkneu613gppsagn,2026-10-08T08:05:13+00:00,broader potato or SPUD name,unverified
ethereum,Spuds Finance,SPUD,0x72E734747959a221FDc7cbaF8e481f5E8E0951e4,https://dexscreener.com/ethereum/0xa97acd8153d031978ec3e4a510d0b7c4d5a5b30243cbcdb84194703ca0b0c4a9,2026-05-20T21:53:35+00:00,broader potato or SPUD name,unverified
abstract,Spud ,SPUD,0x44cCa204FD7a6b357ED88c2C5feFa667ee7bE305,https://dexscreener.com/abstract/0x5b294eaf18aaa85a7c4a3ee255307147470e9f98,2025-01-30T06:57:50+00:00,broader potato or SPUD name,unverified
solana,SPUD THUG,SPUD,5EHjhWXD22N39R77YgTcsMAgLukdRcmmQNqTnYZCMn1y,https://dexscreener.com/solana/79fduafdgyyk1vet6rb9wmtdfwbxmadvfnukopditg62,2026-10-07T17:32:59+00:00,broader potato or SPUD name,unverified
solana,Spud the Dog,Spud,uZTqfxdDVmyoGvbAmRSKqiX9U39o8UjSp4NEVgCpump,https://dexscreener.com/solana/h39bs3gvyjgsyev4p9ulrehjtb28jpeovaqdrdsnkrpe,2026-05-24T23:37:13+00:00,broader potato or SPUD name,unverified
solana,Spudsy's Wacky Watch,Wacky,5WaG8GjfmVDiFuJ7q9SGZNG3gmhnGs47iz4afhU2pump,https://dexscreener.com/solana/bppn4yssmzbjstkepgrrnjymyjhvet2kmwdf8mkjmtbw,2026-10-08T00:15:56+00:00,broader potato or SPUD name,unverified
solana,ClaimsPud,CLAIMS,CbAkFPyarpY9EXKf2cJxMPMEw8Lo3ziKbwrfs4ujpump,https://dexscreener.com/solana/b7fpmslyquhjr1j1jprmuuzf7ytpzay32neyb3c4uqjs,2026-09-23T21:16:24+00:00,broader potato or SPUD name,unverified
solana,Farmer Elon,ELONSPUD,CeA9FzvQSmWhk8ENnTJnhMndRaKuFzqMnWoWz3aU3ctA,https://dexscreener.com/solana/7drufnh7brn5fqlzt26xuyac3qqabc6h8xuhiz727wti,2026-10-07T22:22:24+00:00,broader potato or SPUD name,unverified
